experiment,loss,per_token_topk,dataset,select_score,mode,K,acc_a-1.0,acc_a-0.3,acc_a0.0,acc_a+0.3,acc_a+1.0,n_items,status
exp2_select_score,KL,False,mmar,clean_signed,final,10000,0.627,0.639,0.629,0.626,0.632,1000,OK
exp2_select_score,KL,False,mmar,clean_signed,audio,10000,0.335,0.393,0.629,0.599,0.582,1000,OK
exp2_select_score,KL,False,mmar,clean_signed,text,10000,0.38,0.538,0.629,0.623,0.601,1000,OK
exp2_select_score,KL,False,mmar,clean_signed,audio_text,10000,0.291,0.354,0.629,0.592,0.578,1000,OK
exp2_select_score,KL,False,mmar,clean_signed,per_token,10000,0.263,0.278,0.629,0.579,0.561,1000,OK
exp2_select_score,KL,False,mmar,aad,final,10000,0.659,0.636,0.629,0.626,0.621,1000,OK
exp2_select_score,KL,False,mmar,aad,audio,10000,0.59,0.631,0.629,0.632,0.621,1000,OK
exp2_select_score,KL,False,mmar,aad,text,10000,0.599,0.635,0.629,0.642,0.632,1000,OK
exp2_select_score,KL,False,mmar,aad,audio_text,10000,0.53,0.627,0.629,0.639,0.628,1000,OK
exp2_select_score,KL,False,mmar,aad,per_token,10000,0.52,0.626,0.629,0.632,0.622,1000,OK
exp2_select_score,KL,False,mmar,clean_abs,final,10000,0.652,0.641,0.629,0.626,0.63,1000,OK
exp2_select_score,KL,False,mmar,clean_abs,audio,10000,0.556,0.618,0.629,0.639,0.625,1000,OK
exp2_select_score,KL,False,mmar,clean_abs,text,10000,0.567,0.632,0.629,0.639,0.63,1000,OK
exp2_select_score,KL,False,mmar,clean_abs,audio_text,10000,0.426,0.614,0.629,0.63,0.63,1000,OK
exp2_select_score,KL,False,mmar,clean_abs,per_token,10000,0.529,0.622,0.629,0.634,0.621,1000,OK
exp2_select_score,KL,False,mmar,noise_signed,final,10000,0.64,0.643,0.629,0.631,0.618,1000,OK
exp2_select_score,KL,False,mmar,noise_signed,audio,10000,0.619,0.629,0.629,0.64,0.63,1000,OK
exp2_select_score,KL,False,mmar,noise_signed,text,10000,0.359,0.625,0.629,0.637,0.614,1000,OK
exp2_select_score,KL,False,mmar,noise_signed,audio_text,10000,0.316,0.61,0.629,0.633,0.623,1000,OK
exp2_select_score,KL,False,mmar,noise_signed,per_token,10000,0.548,0.638,0.629,0.628,0.632,1000,OK
exp2_select_score,KL,False,mmsu,contrast,final,10000,0.643,0.649,0.6506,0.6478,0.6502,5000,OK
exp2_select_score,KL,False,mmsu,contrast,audio,10000,0.58,0.6442,0.6506,0.6504,0.643,5000,OK
exp2_select_score,KL,False,mmsu,contrast,text,10000,0.5882,0.6412,0.6506,0.6482,0.6472,5000,OK
exp2_select_score,KL,False,mmsu,contrast,audio_text,10000,0.4456,0.633,0.6506,0.6468,0.6484,5000,OK
exp2_select_score,KL,False,mmsu,contrast,per_token,10000,0.5452,0.6462,0.6506,0.6472,0.6384,5000,OK
exp2_select_score,KL,False,iemocap,clean_abs,final,10000,0.7071,0.7028,0.6927,0.6843,0.6634,5528,OK
exp2_select_score,KL,False,iemocap,clean_abs,audio,10000,0.5304,0.6764,0.6927,0.6954,0.6943,5528,OK
exp2_select_score,KL,False,iemocap,clean_abs,text,10000,0.6185,0.7001,0.6927,0.6823,0.6583,5528,OK
exp2_select_score,KL,False,iemocap,clean_abs,audio_text,10000,0.3359,0.6708,0.6927,0.6845,0.6635,5528,OK
exp2_select_score,KL,False,iemocap,clean_abs,per_token,10000,0.5441,0.6749,0.6927,0.6932,0.6934,5528,OK
exp2_select_score,KL,False,iemocap,clean_signed,final,10000,0.6666,0.6977,0.6927,0.6832,0.6653,5528,OK
exp2_select_score,KL,False,iemocap,clean_signed,audio,10000,0.2314,0.2851,0.6927,0.6286,0.6283,5528,OK
exp2_select_score,KL,False,iemocap,clean_signed,text,10000,0.3603,0.6346,0.6927,0.6552,0.6293,5528,OK
exp2_select_score,KL,False,iemocap,clean_signed,audio_text,10000,0.2238,0.2552,0.6927,0.6277,0.6268,5528,OK
exp2_select_score,KL,False,iemocap,clean_signed,per_token,10000,0.2256,0.227,0.6927,0.6266,0.6283,5528,OK
exp2_select_score,KL,False,iemocap,noise_abs,final,10000,0.708,0.7001,0.6927,0.6856,0.6661,5528,OK
exp2_select_score,KL,False,iemocap,noise_abs,audio,10000,0.6532,0.6903,0.6927,0.6959,0.6923,5528,OK
exp2_select_score,KL,False,iemocap,noise_abs,text,10000,0.644,0.7013,0.6927,0.6823,0.6617,5528,OK
exp2_select_score,KL,False,iemocap,noise_abs,audio_text,10000,0.5342,0.6919,0.6927,0.6851,0.6641,5528,OK
exp2_select_score,KL,False,iemocap,noise_abs,per_token,10000,0.6666,0.6901,0.6927,0.6925,0.686,5528,OK
exp2_select_score,KL,False,iemocap,aad,final,10000,0.71,0.7003,0.6927,0.6861,0.6706,5528,OK
exp2_select_score,KL,False,iemocap,aad,audio,10000,0.5966,0.6793,0.6927,0.6977,0.7015,5528,OK
exp2_select_score,KL,False,iemocap,aad,text,10000,0.6974,0.6963,0.6927,0.6869,0.6762,5528,OK
exp2_select_score,KL,False,iemocap,aad,audio_text,10000,0.5139,0.6814,0.6927,0.6919,0.6889,5528,OK
exp2_select_score,KL,False,iemocap,aad,per_token,10000,0.5644,0.672,0.6927,0.6955,0.697,5528,OK
